time,trade_time,anchor,type,layer,price,size,fee,next_buy,next_sell,position_after,notional
2024-11-15,0,6.0200000000000005,INITIATE,0,0.0,0.0,0.0,5.8394,6.0200000000000005,0.0,0.0
2024-11-15,1,6.0200000000000005,BUY,1,5.57,1468.0,4.08838,5.8394,6.0200000000000005,1468.0,8176.76
2024-11-15,2,6.0200000000000005,BUY,2,5.57,1305.0,3.6344250000000002,5.69492,6.18254,2773.0,7268.85
2024-11-15,3,6.0200000000000005,BUY,3,5.57,1142.0,3.18047,5.581142000000001,6.312572,3915.0,6360.9400000000005
2024-11-22,1,6.0200000000000005,BUY,4,5.43,566.0,1.53669,5.493370400000001,6.4149722,4481.0,3073.3799999999997
2024-12-17,1,6.0200000000000005,BUY,5,5.36,425.0,1.139,5.4275417,6.493966640000001,4906.0,2278.0
2024-12-17,2,6.0200000000000005,BUY,6,5.36,340.0,0.9112,5.380145036,6.553212470000001,5246.0,1822.4
2024-12-26,1,6.0200000000000005,SELL,6,6.81,340.0,1.1577000000000002,5.3481522878000005,6.595869467600001,4906.0,2315.4
2024-12-26,2,6.0200000000000005,SELL,5,6.81,425.0,1.447125,5.380145036,6.553212470000001,4481.0,2894.25
2024-12-26,3,6.0200000000000005,SELL,4,6.81,566.0,1.9272299999999998,5.4275417,6.493966640000001,3915.0,3854.4599999999996
2024-12-26,4,6.0200000000000005,SELL,3,6.81,1142.0,3.8885099999999997,5.493370400000001,6.4149722,2773.0,7777.0199999999995
2024-12-26,5,6.0200000000000005,SELL,2,6.81,1305.0,4.443525,5.581142000000001,6.312572,1468.0,8887.05
2024-12-26,6,6.0200000000000005,SELL,1,6.81,1468.0,4.99854,5.69492,6.18254,0.0,9997.08
2025-01-02,1,5.9785,BUY,1,5.58,1663.0,4.63977,5.799145,5.9785,1663.0,9279.54
2025-01-02,2,5.9785,BUY,2,5.58,1478.0,4.12362,5.655661,6.1399194999999995,3141.0,8247.24
2025-01-03,1,5.9785,BUY,3,5.15,968.0,2.4926000000000004,5.54266735,6.2690551,4109.0,4985.200000000001
2025-01-03,2,5.9785,BUY,4,5.15,829.0,2.134675,5.45550082,6.370749385,4938.0,4269.35
2025-01-03,3,5.9785,BUY,5,5.15,691.0,1.779325,5.3901259225,6.4491992620000005,5629.0,3558.65
2025-01-03,4,5.9785,BUY,6,5.15,553.0,1.4239750000000002,5.3430559963,6.508036669750001,6182.0,2847.9500000000003
2025-01-03,5,5.9785,BUY,7,5.15,414.0,1.0660500000000002,5.311283796115,6.550399603330001,6596.0,2132.1000000000004
2025-01-03,6,5.9785,BUY,8,5.15,276.0,0.7107000000000001,5.292220476004001,6.5789945834965,6872.0,1421.4
2025-01-03,7,5.9785,BUY,9,5.15,138.0,0.35535000000000005,5.283641981954051,6.5961515715964,7010.0,710.7
2025-01-03,999,5.9785,[BUY]LAYER==9,9,5.15,0.0,0.0,5.283641981954051,6.6038722162413555,7010.0,0.0
2025-01-10,1,5.8385,SELL[Hard Stop1],0,4.86,7010.0,17.0343,5.663345,5.8385,0.0,34068.600000000006
2025-01-13,1,5.8385,BUY,1,4.83,1805.0,4.359075,5.663345,5.8385,1805.0,8718.15
2025-01-13,2,5.8385,BUY,2,4.83,1604.0,3.87366,5.5232209999999995,5.996139499999999,3409.0,7747.32
2025-01-13,3,5.8385,BUY,3,4.83,1404.0,3.39066,5.41287335,6.1222511,4813.0,6781.32
2025-01-13,4,5.8385,BUY,4,4.83,1203.0,2.905245,5.32774802,6.2215639849999995,6016.0,5810.49
2025-01-13,5,5.8385,BUY,5,4.83,1003.0,2.4222449999999998,5.263904022499999,6.298176782,7019.0,4844.49
2025-01-13,6,5.8385,BUY,6,4.83,802.0,1.93683,5.217936344299999,6.35563637975,7821.0,3873.66
2025-01-13,7,5.8385,BUY,7,4.83,601.0,1.451415,5.1869081615149994,6.39700729013,8422.0,2902.83
2025-01-13,8,5.8385,BUY,8,4.83,401.0,0.968415,5.168291251844,6.4249326546365,8823.0,1936.83
2025-01-13,9,5.8385,BUY,9,4.83,200.0,0.483,5.15991364249205,6.4416878733404,9023.0,966.0
2025-01-13,999,5.8385,[BUY]LAYER==9,9,4.83,0.0,0.0,5.15991364249205,6.449227721757155,9023.0,0.0
2025-01-27,1,5.223999999999999,SELL[Hard Stop1],0,4.94,9023.0,22.286810000000003,5.067279999999999,5.223999999999999,0.0,44573.62
2025-02-05,1,5.223999999999999,BUY,1,4.99,1778.0,4.436110000000001,5.067279999999999,5.223999999999999,1778.0,8872.220000000001
2025-02-17,1,5.223999999999999,SELL,1,5.38,1778.0,4.78282,4.964325862984598,5.3538370685076995,0.0,9565.64
2025-04-07,1,5.157,BUY,1,4.37,2056.0,4.49236,5.0022899999999995,5.157,2056.0,8984.72
2025-04-07,2,5.157,BUY,2,4.37,1828.0,3.9941800000000005,4.878521999999999,5.296239,3884.0,7988.360000000001
2025-04-07,3,5.157,BUY,3,4.37,1599.0,3.493815,4.7810547,5.4076302,5483.0,6987.63
2025-04-07,4,5.157,BUY,4,4.37,1371.0,2.9956350000000005,4.70586564,5.49535077,6854.0,5991.27
2025-04-07,5,5.157,BUY,5,4.37,1142.0,2.49527,4.649473845,5.563020924,7996.0,4990.54
2025-04-07,6,5.157,BUY,6,4.37,914.0,1.9970900000000003,4.6088717526,5.6137735395,8910.0,3994.1800000000003
2025-04-07,7,5.157,BUY,7,4.37,685.0,1.496725,4.581465340229999,5.65031542266,9595.0,2993.4500000000003
2025-04-07,8,5.157,BUY,8,4.37,457.0,0.9985450000000001,4.565021492808,5.674981193792999,10052.0,1997.0900000000001
2025-04-07,9,5.157,BUY,9,4.37,228.0,0.49818,4.5576217614681,5.6897806564727995,10280.0,996.36
2025-04-07,999,5.157,[BUY]LAYER==9,9,4.37,0.0,0.0,4.5576217614681,5.69644041467871,10280.0,0.0
2025-05-08,1,5.157,SELL[Hard Stop2],0,5.15,10280.0,26.471000000000004,5.054003051317615,5.157,0.0,52942.00000000001
2025-06-20,1,5.157,BUY,1,5.0,2058.0,5.1450000000000005,5.042809285714286,5.157,2058.0,10290.0
2025-07-01,1,5.157,SELL,1,5.3,2058.0,5.4536999999999995,4.965593288409703,5.252703355795148,0.0,10907.4
2025-09-23,1,5.176,BUY,1,5.05,2057.0,5.193925,5.0625233380480905,5.176,2057.0,10387.85
2025-10-21,1,5.176,SELL,1,5.29,2057.0,5.440765000000001,4.962138806373211,5.282930596813395,0.0,10881.53
2025-12-04,1,5.1425,BUY,1,5.03,2081.0,5.233715,5.035881851746662,5.1425,2081.0,10467.43
2025-12-11,1,5.1425,BUY,2,4.93,1578.0,3.88977,4.986928571428572,5.220285714285714,3659.0,7779.54
2025-12-11,2,5.1425,BUY,3,4.93,1381.0,3.404165,4.932478571428572,5.282514285714286,5040.0,6808.33
2025-12-16,1,5.1425,BUY,4,4.89,868.0,2.12226,4.897174355828221,5.326494233128835,5908.0,4244.5199999999995
